id,first_name,last_name,email,gender,ip_address,country
1,Valentijn,de Chastelain,vdechastelain0@bbc.co.uk,Male,59.149.45.39,Ukraine
2,Loralyn,Abbess,labbess1@mail.ru,Female,177.220.223.125,China
3,Raleigh,Ranscomb,rranscomb2@nba.com,Male,144.35.21.57,Mexico
4,Sansone,Cowe,scowe3@yahoo.co.jp,Male,111.132.159.44,Indonesia
5,Iggy,Jennick,ijennick4@sogou.com,Male,164.28.172.181,Yemen
6,Evelyn,Shrigley,eshrigley5@fc2.com,Female,170.83.128.172,Japan
7,Eleanore,Labat,elabat6@exblog.jp,Female,233.151.180.238,Sweden
8,Marta,Dufaire,mdufaire7@exblog.jp,Female,158.75.228.245,China
9,Fulton,Clemetts,fclemetts8@nsw.gov.au,Male,132.95.9.178,Philippines
10,Andros,Meindl,ameindl9@mysql.com,Male,88.36.20.151,Philippines
11,Tristan,Etock,tetocka@tumblr.com,Male,29.23.67.67,Sweden
12,Phillis,Holdey,pholdeyb@economist.com,Female,142.82.96.235,China
13,Eben,Dobbs,edobbsc@canalblog.com,Male,168.42.106.80,Philippines
14,Corie,Bolderson,cboldersond@ask.com,Female,124.61.187.121,China
15,Debi,Weedon,dweedone@google.co.uk,Female,92.235.183.185,United States
16,Ario,Dowears,adowearsf@state.gov,Male,218.39.24.172,Indonesia
17,Kile,Temby,ktembyg@jigsy.com,Male,16.74.181.205,Honduras
18,Harcourt,Dellenbroker,hdellenbrokerh@imgur.com,Male,212.51.89.8,China
19,Ches,Felstead,cfelsteadi@globo.com,Male,215.176.75.40,Uzbekistan
20,Rebekah,Redmire,rredmirej@dagondesign.com,Female,51.135.77.43,France
21,Adele,Lackie,alackiek@hc360.com,Female,24.87.130.244,Mexico
22,Lutero,Paladini,lpaladinil@a8.net,Male,80.210.130.228,Ukraine
23,Egor,Keavy,ekeavym@hao123.com,Male,113.96.68.67,China
24,Stanislas,Paddie,spaddien@jugem.jp,Male,14.3.107.23,China
25,Lek,McDermot,lmcdermoto@4shared.com,Male,7.21.105.225,China
26,Arvy,Bloxholm,abloxholmp@ca.gov,Male,124.129.227.119,France
27,Yuri,Summerside,ysummersideq@ocn.ne.jp,Male,107.141.32.24,Indonesia
28,Evita,Roadnight,eroadnightr@census.gov,Female,196.250.126.41,China
29,Cristian,Mott,cmotts@umich.edu,Male,170.54.182.158,Brazil
30,Demetria,Dominico,ddominicot@elpais.com,Female,226.79.193.192,Serbia
31,Dannye,Harbord,dharbordu@dropbox.com,Female,67.48.47.161,Poland
32,Mandel,Mennithorp,mmennithorpv@msn.com,Male,89.243.234.136,Syria
33,Dannel,Gyngell,dgyngellw@paypal.com,Male,128.232.31.185,Indonesia
34,Win,Tutt,wtuttx@wikipedia.org,Male,208.228.201.194,Indonesia
35,Stanislaw,Ditchfield,sditchfieldy@amazon.de,Male,99.7.152.244,Czech Republic
36,Mathias,Caroline,mcarolinez@sakura.ne.jp,Male,48.244.90.230,Angola
37,Leonelle,Laweles,llaweles10@squidoo.com,Female,145.202.127.70,Greece
38,Martie,Caddy,mcaddy11@admin.ch,Male,116.232.181.200,Serbia
39,Alvie,Belch,abelch12@cnbc.com,Male,200.14.152.134,Indonesia
40,Dorris,Cranfield,dcranfield13@sfgate.com,Female,205.175.97.211,Palestinian Territory
41,Manda,Belloch,mbelloch14@yandex.ru,Female,1.159.159.123,Malaysia
42,Caitrin,Triggel,ctriggel15@google.pl,Female,214.125.129.62,United States
43,Kerwinn,MacGilmartin,kmacgilmartin16@businesswire.com,Male,132.153.59.97,Kyrgyzstan
44,Valentia,Layman,vlayman17@domainmarket.com,Female,142.109.198.156,China
45,Isahella,Thunder,ithunder18@mapquest.com,Female,50.56.40.237,China
46,Norbert,Lengthorn,nlengthorn19@delicious.com,Male,160.185.39.142,Philippines
47,Christy,Ambrosch,cambrosch1a@pinterest.com,Male,7.174.13.54,Philippines
48,Rhodie,Gotmann,rgotmann1b@a8.net,Female,54.26.86.153,Russia
49,Karol,Thelwll,kthelwll1c@narod.ru,Female,203.86.216.25,China
50,Kris,Robillart,krobillart1d@spiegel.de,Female,6.171.186.27,Philippines
51,Gerri,Secretan,gsecretan1e@guardian.co.uk,Female,204.90.252.76,Russia
52,Ferdinanda,Bendig,fbendig1f@friendfeed.com,Female,216.97.114.213,United States
53,Hurlee,Pietzke,hpietzke1g@ucoz.com,Male,15.111.1.37,China
54,Les,Wyles,lwyles1h@chron.com,Male,242.3.10.181,Serbia
55,Herold,Temprell,htemprell1i@naver.com,Male,253.25.45.117,Philippines
56,Levi,Bentote,lbentote1j@storify.com,Male,127.47.61.30,China
57,Dorothea,Begg,dbegg1k@dyndns.org,Female,254.226.35.248,Indonesia
58,Louie,Surridge,lsurridge1l@posterous.com,Male,78.96.174.109,Sweden
59,Zared,Assard,zassard1m@cbc.ca,Male,80.107.132.122,Dominican Republic
60,Pebrook,Limb,plimb1n@nytimes.com,Male,41.59.197.132,Indonesia
61,Keene,McIlreavy,kmcilreavy1o@slate.com,Male,162.90.3.216,China
62,Milli,Doerren,mdoerren1p@mlb.com,Female,63.40.49.251,Iceland
63,Claudius,Alders,calders1q@unc.edu,Male,234.191.60.157,Palestinian Territory
64,Patsy,Elsmor,pelsmor1r@umich.edu,Female,28.104.98.169,Brazil
65,Blayne,Baseley,bbaseley1s@github.io,Male,2.106.57.46,Pakistan
66,Thorndike,Lidgertwood,tlidgertwood1t@sourceforge.net,Male,206.12.83.136,Czech Republic
67,Jackson,Kose,jkose1u@seesaa.net,Male,24.37.55.69,Iraq
68,Doroteya,Willoughby,dwilloughby1v@meetup.com,Female,35.116.250.43,Bhutan
69,Billye,Rupel,brupel1w@quantcast.com,Female,109.10.254.16,China
70,Quintus,Lockhurst,qlockhurst1x@java.com,Male,7.182.248.142,Slovenia
71,Clim,Montague,cmontague1y@oakley.com,Male,28.186.219.100,China
72,Arluene,Speeks,aspeeks1z@elpais.com,Female,143.54.226.45,Indonesia
73,Alyss,Syer,asyer20@howstuffworks.com,Female,176.143.181.47,Bulgaria
74,Ban,Headly,bheadly21@icq.com,Male,186.89.146.217,China
75,Jamesy,Rough,jrough22@mapy.cz,Male,168.72.94.74,Laos
76,Giacomo,Hillhouse,ghillhouse23@phoca.cz,Male,149.79.30.59,Finland
77,Francklyn,Barritt,fbarritt24@washington.edu,Male,244.139.108.39,Ghana
78,Emmalyn,Kaesmakers,ekaesmakers25@microsoft.com,Female,249.168.50.97,Thailand
79,Penni,Dorney,pdorney26@sphinn.com,Female,132.195.88.85,Russia
80,Richmond,Skala,rskala27@cyberchimps.com,Male,92.109.32.85,Ukraine
81,Bone,Robrose,brobrose28@wikia.com,Male,102.120.112.118,Greece
82,Paxton,Lyfe,plyfe29@nih.gov,Male,133.21.98.168,Czech Republic
83,Rosemonde,Dunkerk,rdunkerk2a@bravesites.com,Female,92.112.4.6,El Salvador
84,Dorisa,Niess,dniess2b@prnewswire.com,Female,236.251.224.31,China
85,Felipa,Craker,fcraker2c@zdnet.com,Female,66.114.190.82,Costa Rica
86,Tabby,Hannon,thannon2d@arstechnica.com,Female,90.21.34.212,China
87,Brena,Zouch,bzouch2e@state.tx.us,Female,1.124.109.201,Thailand
88,Joela,Bellow,jbellow2f@about.com,Female,167.133.164.79,Indonesia
89,Merrill,Wildbore,mwildbore2g@statcounter.com,Male,98.17.135.225,Venezuela
90,Jammie,Cranshaw,jcranshaw2h@google.fr,Female,69.141.141.190,Indonesia
91,Tome,Snadden,tsnadden2i@sohu.com,Male,111.132.91.180,Cuba
92,Jerrie,Madigan,jmadigan2j@loc.gov,Female,103.208.109.193,Canada
93,Geralda,Redgate,gredgate2k@hud.gov,Female,208.48.207.37,Brazil
94,Regan,Crinson,rcrinson2l@jalbum.net,Male,239.112.49.146,Philippines
95,Nevsa,McGaffey,nmcgaffey2m@photobucket.com,Female,101.150.38.187,Guatemala
96,Nalani,Lilly,nlilly2n@joomla.org,Female,62.108.80.205,Vietnam
97,Sonya,Eakins,seakins2o@vkontakte.ru,Female,253.132.102.230,Philippines
98,Alvis,Warr,awarr2p@blogger.com,Male,175.59.10.95,Argentina
99,Reggi,Bowlands,rbowlands2q@cisco.com,Female,234.176.78.39,Bolivia
100,Ardelis,Hoffman,ahoffman2r@indiegogo.com,Female,84.95.222.175,China
101,Guido,Bury,gbury2s@amazon.de,Male,35.1.206.131,China
102,Georgi,Ashenhurst,gashenhurst2t@barnesandnoble.com,Male,31.242.148.101,Poland
103,Adolpho,McGarrell,amcgarrell2u@slate.com,Male,79.236.36.212,Indonesia
104,Jere,Padginton,jpadginton2v@ameblo.jp,Female,133.12.165.57,Russia
105,Vincenty,Civitillo,vcivitillo2w@irs.gov,Male,27.81.101.82,Czech Republic
106,Tobin,Klaesson,tklaesson2x@eepurl.com,Male,87.141.80.227,Mexico
107,Freida,Gumn,fgumn2y@tamu.edu,Female,240.150.206.108,China
108,Patience,Drover,pdrover2z@reference.com,Female,149.47.0.97,Brazil
109,Heall,Elegood,helegood30@cyberchimps.com,Male,25.16.59.133,Japan
110,Janel,Campes,jcampes31@bloglovin.com,Female,108.84.107.26,Russia
111,Elia,Trevascus,etrevascus32@github.com,Male,219.52.79.79,China
112,Diena,Trussman,dtrussman33@simplemachines.org,Female,254.72.13.46,Sweden
113,Curran,Karoly,ckaroly34@naver.com,Male,249.252.240.125,Indonesia
114,Ignaz,Cauthra,icauthra35@ft.com,Male,117.101.170.93,Colombia
115,Bendicty,Curbishley,bcurbishley36@vistaprint.com,Male,66.43.97.44,Colombia
116,Cordey,McKniely,cmckniely37@google.co.jp,Female,170.39.101.29,Indonesia
117,Nataniel,Millin,nmillin38@amazon.co.jp,Male,155.196.217.225,Colombia
118,Paulette,Verring,pverring39@usatoday.com,Female,214.187.196.106,Colombia
119,Allan,Rentalll,arentalll3a@stanford.edu,Male,25.197.79.120,Iraq
120,Marget,Lamzed,mlamzed3b@indiatimes.com,Female,210.108.234.43,Indonesia
121,Arlin,Dunseath,adunseath3c@1und1.de,Male,215.7.123.6,Belarus
122,Walt,Shilling,wshilling3d@wikimedia.org,Male,104.101.15.236,Indonesia
123,Bennie,Dessant,bdessant3e@sourceforge.net,Female,17.20.29.245,Brazil
124,Hillel,Evershed,hevershed3f@networksolutions.com,Male,253.251.10.56,Indonesia
125,Berthe,Peasgood,bpeasgood3g@lycos.com,Female,14.239.37.63,China
126,Jasmin,Gillbard,jgillbard3h@sogou.com,Female,19.141.66.122,Ecuador
127,Kev,Braime,kbraime3i@reuters.com,Male,15.10.195.236,Portugal
128,Karl,Mannin,kmannin3j@joomla.org,Male,202.23.241.49,China
129,Malina,Crudgington,mcrudgington3k@indiegogo.com,Female,13.98.228.230,Democratic Republic of the Congo
130,Dexter,Junkin,djunkin3l@yandex.ru,Male,166.71.165.176,Azerbaijan
131,Marven,Falkus,mfalkus3m@prlog.org,Male,133.108.162.167,South Africa
132,Delly,Wilflinger,dwilflinger3n@telegraph.co.uk,Female,204.229.222.90,China
133,Matilde,Durno,mdurno3o@pbs.org,Female,15.151.209.42,Indonesia
134,Ella,Purry,epurry3p@hubpages.com,Female,232.49.209.179,Sweden
135,Duff,Napleton,dnapleton3q@indiatimes.com,Male,187.222.3.129,Portugal
136,Issy,Keaveny,ikeaveny3r@wikispaces.com,Female,139.175.166.177,Russia
137,Granger,Wooles,gwooles3s@1und1.de,Male,179.41.175.251,China
138,Odille,Tart,otart3t@wunderground.com,Female,144.219.171.88,China
139,Sheilah,Surman-Wells,ssurmanwells3u@prnewswire.com,Female,233.221.112.253,Venezuela
140,Sianna,Cornil,scornil3v@spotify.com,Female,131.91.87.21,Indonesia
141,Chalmers,Wavell,cwavell3w@state.gov,Male,124.252.14.249,United States
142,Clemmy,Waiting,cwaiting3x@about.com,Male,249.93.9.61,Brazil
143,Shelagh,Cunde,scunde3y@istockphoto.com,Female,150.243.243.171,Poland
144,Beulah,Cappleman,bcappleman3z@feedburner.com,Female,113.146.148.222,United States
145,Blake,deKnevet,bdeknevet40@ted.com,Male,239.237.46.208,China
146,Klemens,Duffitt,kduffitt41@indiegogo.com,Male,236.17.61.77,China
147,Lock,Le Leu,lleleu42@printfriendly.com,Male,10.104.166.51,Botswana
148,Tabb,Carvil,tcarvil43@europa.eu,Male,105.144.192.173,Indonesia
149,Randie,Alleburton,ralleburton44@samsung.com,Male,75.111.119.79,Poland
150,Roana,Dows,rdows45@google.co.jp,Female,11.96.226.119,Russia
151,Allie,Clemmen,aclemmen46@adobe.com,Male,88.48.167.85,South Africa
152,Alexis,Simioni,asimioni47@cam.ac.uk,Female,39.255.47.18,Poland
153,Bren,Widd,bwidd48@tmall.com,Male,248.51.81.230,Thailand
154,Rab,McLese,rmclese49@tmall.com,Male,83.99.117.242,China
155,Aline,Hansford,ahansford4a@bluehost.com,Female,144.44.243.26,Peru
156,Myer,Edelheit,medelheit4b@google.es,Male,160.72.161.110,Portugal
157,Feliks,Deverill,fdeverill4c@gnu.org,Male,193.35.33.227,Russia
158,Chick,Burdin,cburdin4d@linkedin.com,Male,42.230.60.152,China
159,Tim,Trobe,ttrobe4e@bing.com,Female,24.129.146.19,Indonesia
160,Percy,Schwanden,pschwanden4f@goo.gl,Male,161.52.222.95,Indonesia
161,North,Wrettum,nwrettum4g@dion.ne.jp,Male,127.32.37.171,China
162,Alphard,MacArte,amacarte4h@mayoclinic.com,Male,81.108.100.122,Netherlands
163,Bobbye,Thurlborn,bthurlborn4i@sakura.ne.jp,Female,202.78.54.108,Indonesia
164,Joby,Hamp,jhamp4j@home.pl,Female,50.39.45.94,Portugal
165,Joelly,Lattos,jlattos4k@yale.edu,Female,23.219.100.121,United States
166,Damiano,Andell,dandell4l@blogtalkradio.com,Male,81.178.174.8,Morocco
167,Jillane,Lamacraft,jlamacraft4m@dagondesign.com,Female,252.126.241.52,Canada
168,Cornell,Gosse,cgosse4n@free.fr,Male,238.211.136.127,Malaysia
169,Rania,Milsap,rmilsap4o@sakura.ne.jp,Female,180.63.70.159,Indonesia
170,Pacorro,Haswell,phaswell4p@booking.com,Male,4.118.193.249,Colombia
171,Ab,Cowell,acowell4q@icio.us,Male,64.149.176.176,China
172,Malanie,Yannoni,myannoni4r@prlog.org,Female,39.134.87.200,Philippines
173,Valeria,Cranston,vcranston4s@archive.org,Female,89.144.159.44,Honduras
174,Barnett,Burles,bburles4t@miibeian.gov.cn,Male,51.211.185.64,Indonesia
175,Edan,Ivakhno,eivakhno4u@live.com,Male,113.23.224.57,China
176,Stephenie,Sowle,ssowle4v@studiopress.com,Female,171.176.94.110,Spain
177,Kaspar,Waber,kwaber4w@ehow.com,Male,77.153.246.197,Philippines
178,Orsola,Rosi,orosi4x@japanpost.jp,Female,184.130.176.217,Indonesia
179,Carmencita,Chivers,cchivers4y@illinois.edu,Female,37.228.220.126,Bulgaria
180,Mamie,Jury,mjury4z@drupal.org,Female,29.231.133.240,Brazil
181,Chery,Twinborough,ctwinborough50@google.nl,Female,70.225.128.36,Canada
182,Andeee,Koppen,akoppen51@seesaa.net,Female,163.194.71.12,Honduras
183,Katlin,Rodolphe,krodolphe52@imgur.com,Female,103.243.232.151,Colombia
184,Iago,Aldin,ialdin53@skype.com,Male,162.54.215.180,China
185,Cointon,Codd,ccodd54@cyberchimps.com,Male,3.219.33.115,China
186,Pattie,Pighills,ppighills55@topsy.com,Female,29.110.188.10,Ireland
187,Zola,Guthrie,zguthrie56@nhs.uk,Female,240.7.195.216,China
188,Jermaine,Egdal,jegdal57@samsung.com,Female,190.128.2.68,Indonesia
189,Jeff,Bompass,jbompass58@ebay.com,Male,72.165.97.48,Russia
190,Ethelda,Duffin,eduffin59@tinypic.com,Female,178.172.90.236,Croatia
191,Renault,Bilt,rbilt5a@cbslocal.com,Male,137.232.10.200,Pakistan
192,Kacie,Buxcy,kbuxcy5b@woothemes.com,Female,243.173.60.252,Myanmar
193,Nicolina,Joire,njoire5c@livejournal.com,Female,232.151.137.57,Indonesia
194,Jeanna,Godmer,jgodmer5d@cbslocal.com,Female,241.136.145.62,China
195,Calley,Beardsell,cbeardsell5e@reverbnation.com,Female,23.117.50.178,Libya
196,Georgiana,Drewe,gdrewe5f@instagram.com,Female,213.177.202.90,Canada
197,Erroll,La Rosa,elarosa5g@arstechnica.com,Male,189.124.252.56,Argentina
198,Rodrigo,Slorach,rslorach5h@tumblr.com,Male,188.20.129.36,Portugal
199,Olly,Zorzini,ozorzini5i@google.cn,Female,141.10.86.255,China
200,Dell,Ruddock,druddock5j@dedecms.com,Female,136.38.194.97,Japan
201,Ulrike,Corbert,ucorbert5k@moonfruit.com,Female,249.69.186.217,Yemen
202,Edie,Casely,ecasely5l@eepurl.com,Female,188.238.175.142,Indonesia
203,Carling,Buyers,cbuyers5m@aboutads.info,Male,145.82.28.176,Indonesia
204,Katharina,Deppen,kdeppen5n@cnn.com,Female,245.169.36.91,China
205,Pauly,Probets,pprobets5o@cnet.com,Male,251.5.15.158,Indonesia
206,Georgianne,Fauning,gfauning5p@va.gov,Female,164.11.174.212,Indonesia
207,Verney,Crookshank,vcrookshank5q@infoseek.co.jp,Male,217.186.126.152,Mexico
208,Peder,Matthieson,pmatthieson5r@eepurl.com,Male,154.230.210.151,Poland
209,Cecile,Barnsley,cbarnsley5s@dot.gov,Female,63.45.7.35,Pakistan
210,Katey,Kovalski,kkovalski5t@epa.gov,Female,243.74.95.102,Indonesia
211,Saul,Whipp,swhipp5u@livejournal.com,Male,220.89.141.180,Serbia
212,Aurilia,Isworth,aisworth5v@opera.com,Female,196.237.150.160,Indonesia
213,Burty,Melloy,bmelloy5w@1688.com,Male,114.132.229.168,Azerbaijan
214,Brock,Pessold,bpessold5x@google.fr,Male,242.182.235.252,Sweden
215,Thaddeus,Kisbey,tkisbey5y@senate.gov,Male,153.28.185.95,Bulgaria
216,Prince,Spridgen,pspridgen5z@is.gd,Male,67.44.167.223,Indonesia
217,Cordy,Vigrass,cvigrass60@latimes.com,Female,28.83.69.165,Poland
218,Wyatan,Tilliards,wtilliards61@storify.com,Male,237.4.66.223,Poland
219,Addia,Breed,abreed62@hhs.gov,Female,31.8.127.43,Egypt
220,Pietro,Nice,pnice63@hostgator.com,Male,70.24.32.5,Philippines
221,Filide,Doldon,fdoldon64@wsj.com,Female,204.234.21.186,Poland
222,Blayne,Macconaghy,bmacconaghy65@i2i.jp,Male,46.88.12.63,Indonesia
223,Catie,Tiler,ctiler66@twitpic.com,Female,56.31.162.205,Finland
224,Eduard,Graundisson,egraundisson67@wsj.com,Male,105.159.40.171,China
225,Walker,Darrington,wdarrington68@nhs.uk,Male,6.155.224.241,Philippines
226,Agretha,Breinl,abreinl69@sohu.com,Female,98.106.98.21,China
227,Janna,Galia,jgalia6a@google.it,Female,102.70.151.121,Portugal
228,Adoree,Endacott,aendacott6b@disqus.com,Female,221.165.37.180,Portugal
229,Kaye,Ritmeyer,kritmeyer6c@ihg.com,Female,79.144.94.250,Colombia
230,Sosanna,McBrady,smcbrady6d@bizjournals.com,Female,195.94.89.237,Chile
231,Svend,Lehemann,slehemann6e@ucla.edu,Male,222.145.108.158,France
232,Salaidh,Lorden,slorden6f@fema.gov,Female,179.178.220.193,Indonesia
233,Derrik,Sowte,dsowte6g@newsvine.com,Male,66.127.83.152,China
234,Leda,Hoyer,lhoyer6h@goo.gl,Female,142.108.240.93,Peru
235,Georgetta,Hamblin,ghamblin6i@nasa.gov,Female,14.213.51.88,Philippines
236,Caldwell,Gabby,cgabby6j@java.com,Male,136.49.172.224,Japan
237,Jorge,Dionisetti,jdionisetti6k@redcross.org,Male,87.102.14.129,Poland
238,Don,Broke,dbroke6l@flavors.me,Male,231.81.11.206,China
239,Kareem,Durgan,kdurgan6m@sun.com,Male,224.98.83.97,Nigeria
240,Kay,McCord,kmccord6n@printfriendly.com,Female,190.231.61.196,Russia
241,Antonia,Stears,astears6o@bluehost.com,Female,108.157.205.174,Malaysia
242,Rosalinda,Pinnick,rpinnick6p@cnbc.com,Female,195.30.63.186,Poland
243,Falkner,Hackin,fhackin6q@nps.gov,Male,29.225.91.186,South Korea
244,Rebe,Arthars,rarthars6r@sohu.com,Female,118.165.249.253,Libya
245,Bernadine,MacShirrie,bmacshirrie6s@boston.com,Female,100.248.169.161,United States
246,Roanne,Cavolini,rcavolini6t@usda.gov,Female,255.15.129.142,Honduras
247,Son,Chessman,schessman6u@wisc.edu,Male,221.114.100.226,Philippines
248,Meghan,Insoll,minsoll6v@deviantart.com,Female,232.56.64.94,Democratic Republic of the Congo
249,Jacquie,Gudyer,jgudyer6w@who.int,Female,112.194.215.51,Argentina
250,Celine,Stollenhof,cstollenhof6x@symantec.com,Female,166.75.139.69,Venezuela
251,Lance,McDugal,lmcdugal6y@myspace.com,Male,246.164.213.98,Sweden
252,Nicoline,Allmen,nallmen6z@census.gov,Female,39.156.42.228,Portugal
253,Thorin,Chaters,tchaters70@tmall.com,Male,14.7.235.12,Indonesia
254,Any,Realph,arealph71@sohu.com,Male,144.164.23.100,Brazil
255,Padraig,Boyes,pboyes72@huffingtonpost.com,Male,76.235.197.9,China
256,Moshe,Splaven,msplaven73@earthlink.net,Male,213.206.187.151,Venezuela
257,Sada,Huntall,shuntall74@squidoo.com,Female,1.239.154.202,Philippines
258,Angie,Bewshea,abewshea75@soup.io,Female,255.6.2.156,France
259,Smith,Probbin,sprobbin76@issuu.com,Male,197.187.62.21,Honduras
260,Karola,Klulisek,kklulisek77@odnoklassniki.ru,Female,125.76.191.62,Poland
261,Fiann,Cretney,fcretney78@gravatar.com,Female,194.167.53.140,Pakistan
262,Lorrie,Braunlein,lbraunlein79@wunderground.com,Male,47.102.76.228,Portugal
263,Asia,Gaine of England,againeofengland7a@ucoz.ru,Female,95.199.134.183,Cuba
264,Allistir,Raisbeck,araisbeck7b@yellowbook.com,Male,109.161.236.72,Slovenia
265,Flossy,Phateplace,fphateplace7c@vinaora.com,Female,180.163.213.106,Spain
266,Arluene,Corton,acorton7d@list-manage.com,Female,81.149.0.111,Portugal
267,Marlon,Cranage,mcranage7e@si.edu,Male,235.234.215.117,Myanmar
268,Craig,Drinkhill,cdrinkhill7f@aol.com,Male,119.58.194.201,United States
269,Boony,Calbrathe,bcalbrathe7g@squidoo.com,Male,150.85.154.72,Ethiopia
270,Bryon,Chadbourne,bchadbourne7h@dell.com,Male,56.173.9.116,Luxembourg
271,Ranee,Arson,rarson7i@techcrunch.com,Female,41.131.115.215,Panama
272,Wynny,Cohn,wcohn7j@usnews.com,Female,117.170.254.92,Japan
273,Kellen,Hof,khof7k@pagesperso-orange.fr,Male,250.162.175.234,Nigeria
274,Jocelyn,Rowlstone,jrowlstone7l@cbsnews.com,Female,122.141.134.31,Bangladesh
275,Michale,Bello,mbello7m@sina.com.cn,Male,55.112.255.198,Poland
276,Tyrus,Batting,tbatting7n@redcross.org,Male,89.239.144.123,Israel
277,Adrianne,Poncet,aponcet7o@domainmarket.com,Female,43.23.189.10,United States
278,Antonius,Corroyer,acorroyer7p@sourceforge.net,Male,28.239.47.229,China
279,Veronike,Rizzini,vrizzini7q@mediafire.com,Female,124.122.59.76,China
280,Eward,Iacovo,eiacovo7r@freewebs.com,Male,37.62.228.22,China
281,Ruthann,Gelardi,rgelardi7s@admin.ch,Female,108.20.93.222,Poland
282,Lorilyn,Heardman,lheardman7t@ezinearticles.com,Female,63.130.213.106,Russia
283,Sigmund,Tampling,stampling7u@apple.com,Male,232.147.120.74,Liberia
284,Ferdie,Adriani,fadriani7v@i2i.jp,Male,215.134.168.65,Sweden
285,Welbie,Berecloth,wberecloth7w@dropbox.com,Male,174.164.234.253,Ecuador
286,Flore,Sadat,fsadat7x@desdev.cn,Female,38.57.184.36,Mexico
287,Putnem,Trubshaw,ptrubshaw7y@oracle.com,Male,2.97.218.4,Norway
288,Artemis,Feldman,afeldman7z@webmd.com,Male,205.142.222.5,Nigeria
289,Johna,Trickett,jtrickett80@opera.com,Female,235.170.229.178,China
290,Riane,Duggen,rduggen81@ustream.tv,Female,47.117.150.131,Indonesia
291,Edin,Haddrell,ehaddrell82@home.pl,Female,207.34.45.74,Portugal
292,Allie,Redsall,aredsall83@goodreads.com,Female,70.42.91.17,Ukraine
293,Addison,Prene,aprene84@cafepress.com,Male,241.156.60.119,France
294,Adan,Gilliland,agilliland85@tripadvisor.com,Male,225.103.170.165,Indonesia
295,Joe,Arnoldi,jarnoldi86@qq.com,Male,164.91.140.120,Philippines
296,Ado,Aumerle,aaumerle87@google.es,Male,92.140.147.226,Haiti
297,Mariejeanne,Labrum,mlabrum88@nature.com,Female,131.18.42.71,Ireland
298,Albina,Minichi,aminichi89@nps.gov,Female,209.207.119.112,China
299,Karrie,Dearness,kdearness8a@com.com,Female,26.94.196.224,Mexico
300,Even,Tuley,etuley8b@tinyurl.com,Male,216.196.49.47,France
301,Malvina,Sancroft,msancroft8c@mediafire.com,Female,141.124.168.95,China
302,Orion,Forestel,oforestel8d@storify.com,Male,34.91.187.41,Mexico
303,Walsh,Hamel,whamel8e@opensource.org,Male,92.10.128.149,China
304,Iago,Tupling,itupling8f@de.vu,Male,55.92.54.127,Czech Republic
305,Fredelia,Kummerlowe,fkummerlowe8g@google.co.jp,Female,247.62.78.33,China
306,Chicky,Touzey,ctouzey8h@theguardian.com,Male,59.13.12.67,Brazil
307,Garvey,Chatten,gchatten8i@istockphoto.com,Male,33.46.82.84,Pakistan
308,Maximilien,Fitzmaurice,mfitzmaurice8j@mtv.com,Male,152.42.78.164,China
309,Agatha,Scutchings,ascutchings8k@vistaprint.com,Female,71.28.54.217,Azerbaijan
310,Drucill,Antoni,dantoni8l@acquirethisname.com,Female,21.61.140.239,China
311,Corbett,Algy,calgy8m@mlb.com,Male,201.12.13.184,Indonesia
312,Melissa,Hilbourne,mhilbourne8n@gizmodo.com,Female,226.25.197.26,Yemen
313,Upton,Plumbley,uplumbley8o@microsoft.com,Male,197.161.7.46,Mexico
314,Hirsch,Bampford,hbampford8p@smugmug.com,Male,191.116.179.52,Indonesia
315,Jennine,McCaighey,jmccaighey8q@hhs.gov,Female,124.52.192.124,Portugal
316,Sayers,Simmins,ssimmins8r@squarespace.com,Male,203.63.149.221,China
317,Dacia,Poundford,dpoundford8s@youtu.be,Female,217.249.231.138,Russia
318,Carey,Gerhartz,cgerhartz8t@ibm.com,Male,158.233.154.156,Indonesia
319,Adelaide,Grime,agrime8u@newyorker.com,Female,93.44.141.176,Czech Republic
320,Orland,McInulty,omcinulty8v@opensource.org,Male,63.236.60.168,Czech Republic
321,Vidovik,Jarville,vjarville8w@mediafire.com,Male,228.178.30.16,Russia
322,Brendon,Wittman,bwittman8x@berkeley.edu,Male,28.107.98.85,Ukraine
323,Carri,Faussett,cfaussett8y@epa.gov,Female,127.161.22.137,Colombia
324,Gwenneth,Romero,gromero8z@google.com.hk,Female,32.142.13.146,Brazil
325,Clemence,Coyish,ccoyish90@blogs.com,Female,170.33.192.244,Sweden
326,Letisha,Brislawn,lbrislawn91@chron.com,Female,10.241.164.25,United States
327,Robenia,Smeaton,rsmeaton92@cargocollective.com,Female,3.168.169.220,Namibia
328,Raymond,O'Gormally,rogormally93@amazon.de,Male,206.8.133.6,Indonesia
329,Dorelle,Diehn,ddiehn94@imdb.com,Female,123.21.19.152,Poland
330,Adriane,Bracegirdle,abracegirdle95@theguardian.com,Female,1.244.113.139,Indonesia
331,Marne,Stockdale,mstockdale96@ted.com,Female,21.192.24.51,China
332,Cher,Beatty,cbeatty97@dailymail.co.uk,Female,251.206.113.45,Indonesia
333,Bobby,Hastin,bhastin98@nydailynews.com,Male,158.248.196.26,China
334,Estella,Hendrick,ehendrick99@yelp.com,Female,248.99.173.117,Peru
335,Patrizius,Duprey,pduprey9a@blogspot.com,Male,221.42.57.45,Indonesia
336,Christy,Sandhill,csandhill9b@seesaa.net,Male,137.241.172.147,France
337,Lise,Trevorrow,ltrevorrow9c@baidu.com,Female,196.213.95.242,Kazakhstan
338,Katusha,Bullick,kbullick9d@craigslist.org,Female,96.92.80.211,Sweden
339,Robinetta,Gorner,rgorner9e@umn.edu,Female,138.235.42.236,Canada
340,Betsey,Forward,bforward9f@hc360.com,Female,220.33.198.166,Bahrain
341,Sumner,Ajsik,sajsik9g@hatena.ne.jp,Male,89.83.234.54,Greece
342,Brodie,Volker,bvolker9h@google.es,Male,202.168.157.103,Greece
343,Lulu,Feaveryear,lfeaveryear9i@gravatar.com,Female,58.97.78.179,Macedonia
344,Burlie,Kildale,bkildale9j@diigo.com,Male,109.236.79.188,United States
345,Giuseppe,de Quincey,gdequincey9k@dyndns.org,Male,3.22.39.200,China
346,Corrine,Tick,ctick9l@princeton.edu,Female,63.122.195.126,Indonesia
347,Veronica,Petschelt,vpetschelt9m@simplemachines.org,Female,228.150.63.52,Indonesia
348,Major,Reardon,mreardon9n@sourceforge.net,Male,72.76.87.135,China
349,Sidnee,Leadbitter,sleadbitter9o@addthis.com,Male,7.246.181.110,China
350,Nicola,Hector,nhector9p@google.ru,Female,102.194.92.178,Ukraine
351,Ynes,Krysztofiak,ykrysztofiak9q@archive.org,Female,19.154.66.233,China
352,Delphinia,Gouinlock,dgouinlock9r@theguardian.com,Female,93.103.148.213,Colombia
353,Yves,Gyver,ygyver9s@slashdot.org,Male,34.208.19.15,Indonesia
354,Agustin,Luther,aluther9t@github.io,Male,70.78.239.104,Albania
355,Ailbert,Edmundson,aedmundson9u@angelfire.com,Male,182.76.60.51,Japan
356,Heloise,Kiddey,hkiddey9v@tiny.cc,Female,169.86.239.101,Honduras
357,Orella,Jereatt,ojereatt9w@auda.org.au,Female,127.164.111.120,Peru
358,Devlen,Sprason,dsprason9x@alexa.com,Male,36.55.58.32,Nepal
359,Chen,Casina,ccasina9y@drupal.org,Male,9.111.185.2,China
360,Rhetta,Busen,rbusen9z@wikia.com,Female,12.175.12.212,Uzbekistan
361,Elmer,McArthur,emcarthura0@biblegateway.com,Male,139.247.159.109,Poland
362,Leigha,O'Shesnan,loshesnana1@fda.gov,Female,196.218.30.34,Slovenia
363,Nanice,Dibdin,ndibdina2@wordpress.com,Female,178.226.247.104,Israel
364,Camel,Govini,cgovinia3@webs.com,Female,219.82.167.85,China
365,Vincent,Drakeley,vdrakeleya4@washingtonpost.com,Male,101.92.32.157,North Korea
366,Bliss,Whenman,bwhenmana5@drupal.org,Female,218.33.111.217,Malaysia
367,Lucia,Cristofaro,lcristofaroa6@microsoft.com,Female,145.21.103.172,Russia
368,Gillan,Judson,gjudsona7@cisco.com,Female,233.213.112.173,Poland
369,Andreas,Walas,awalasa8@lycos.com,Male,9.132.69.79,Japan
370,Pyotr,Chung,pchunga9@cafepress.com,Male,0.163.2.65,Czech Republic
371,Jarrad,Natwick,jnatwickaa@mediafire.com,Male,196.115.172.255,Sweden
372,Edwin,Lovejoy,elovejoyab@auda.org.au,Male,129.121.187.157,Honduras
373,Layla,Kobierzycki,lkobierzyckiac@nature.com,Female,134.87.151.94,Indonesia
374,Aundrea,Raitie,araitiead@usgs.gov,Female,77.167.23.51,Indonesia
375,Keslie,Brockington,kbrockingtonae@shinystat.com,Female,165.253.94.233,Comoros
376,Eran,Gantley,egantleyaf@dot.gov,Female,14.236.84.30,China
377,Hogan,Doak,hdoakag@wufoo.com,Male,246.170.215.239,Philippines
378,Selia,Kennion,skennionah@cmu.edu,Female,198.101.149.41,Martinique
379,Margo,Trippack,mtrippackai@cam.ac.uk,Female,148.19.211.171,Russia
380,Izaak,Havick,ihavickaj@psu.edu,Male,79.201.180.93,Russia
381,Jay,Kear,jkearak@oaic.gov.au,Male,173.118.74.28,Czech Republic
382,Felix,Oxlade,foxladeal@1688.com,Male,217.18.114.11,China
383,Fraze,Bowhey,fbowheyam@wunderground.com,Male,91.191.25.48,China
384,Cori,Starton,cstartonan@nationalgeographic.com,Male,103.190.106.100,Peru
385,Matthew,Pykerman,mpykermanao@ebay.co.uk,Male,40.6.182.92,China
386,Stevana,Robottham,srobotthamap@washington.edu,Female,50.88.37.25,Philippines
387,Alissa,Lindeman,alindemanaq@yahoo.com,Female,47.186.16.10,Ireland
388,Thaxter,Della,tdellaar@disqus.com,Male,80.118.17.186,China
389,Hayyim,Draayer,hdraayeras@creativecommons.org,Male,186.81.155.75,Argentina
390,Lisbeth,Corbyn,lcorbynat@woothemes.com,Female,254.34.187.28,Ukraine
391,Zea,Beatson,zbeatsonau@nationalgeographic.com,Female,233.188.211.18,Myanmar
392,Jeanine,Osichev,josichevav@imgur.com,Female,88.72.128.117,Czech Republic
393,Ingemar,Cartwright,icartwrightaw@ihg.com,Male,192.72.184.137,Poland
394,Ibrahim,McLewd,imclewdax@github.io,Male,109.248.13.162,Finland
395,Marquita,Cescot,mcescotay@yellowbook.com,Female,255.150.247.83,France
396,Anni,Herrema,aherremaaz@ameblo.jp,Female,110.239.73.54,Thailand
397,Stanly,McGifford,smcgiffordb0@mail.ru,Male,224.42.220.201,Senegal
398,Fransisco,Oxborough,foxboroughb1@google.es,Male,139.118.207.171,Mexico
399,Dido,Bigby,dbigbyb2@i2i.jp,Female,35.222.193.212,Nigeria
400,Lammond,Scamadin,lscamadinb3@theglobeandmail.com,Male,185.27.242.158,Peru
401,Nap,Weekly,nweeklyb4@lulu.com,Male,54.55.71.55,Mexico
402,Rhody,Danielian,rdanielianb5@theatlantic.com,Female,166.18.170.207,France
403,Huntington,Lilburne,hlilburneb6@geocities.jp,Male,123.140.22.104,Nepal
404,Consuela,Floodgate,cfloodgateb7@google.it,Female,157.67.6.146,Uruguay
405,Kristofor,Gregol,kgregolb8@timesonline.co.uk,Male,239.29.78.230,Colombia
406,Elissa,Juorio,ejuoriob9@chron.com,Female,30.141.185.181,Russia
407,Corette,Beaty,cbeatyba@go.com,Female,11.227.46.82,Russia
408,Freddie,Rainsden,frainsdenbb@tmall.com,Male,56.129.171.88,France
409,Quinn,Churching,qchurchingbc@answers.com,Female,244.111.230.39,Portugal
410,Salomo,Addinall,saddinallbd@google.co.uk,Male,252.224.49.24,Russia
411,Cristian,Labadini,clabadinibe@oaic.gov.au,Male,229.164.45.236,Comoros
412,Tremain,Hurford,thurfordbf@nih.gov,Male,82.188.222.254,China
413,Ewan,Keri,ekeribg@oaic.gov.au,Male,242.231.156.148,Afghanistan
414,Charin,Priden,cpridenbh@jugem.jp,Female,247.183.104.222,Yemen
415,Ara,MacTrustie,amactrustiebi@bloglines.com,Female,157.26.14.19,Ukraine
416,Fair,Spohr,fspohrbj@hatena.ne.jp,Male,91.94.44.183,Peru
417,Riva,Imlach,rimlachbk@mayoclinic.com,Female,34.209.152.238,Indonesia
418,Car,Varcoe,cvarcoebl@google.ca,Male,102.85.148.135,Philippines
419,Paige,Upshall,pupshallbm@surveymonkey.com,Female,246.115.160.235,Ukraine
420,Redd,Zanneli,rzannelibn@indiegogo.com,Male,77.129.81.96,France
421,Jennette,Pearde,jpeardebo@examiner.com,Female,111.171.158.125,France
422,Gregory,De Bruyne,gdebruynebp@msn.com,Male,250.232.136.14,Albania
423,Alida,McIlvaney,amcilvaneybq@newyorker.com,Female,217.95.76.77,Russia
424,Lark,Redholls,lredhollsbr@earthlink.net,Female,120.20.222.6,China
425,Ardyce,Vieyra,avieyrabs@tripod.com,Female,150.207.107.217,France
426,Beauregard,Boldero,bbolderobt@gravatar.com,Male,172.226.219.100,Indonesia
427,Merry,McGucken,mmcguckenbu@si.edu,Male,172.8.119.252,Philippines
428,Slade,Bruford,sbrufordbv@surveymonkey.com,Male,160.155.106.164,Indonesia
429,Carleen,Briskey,cbriskeybw@woothemes.com,Female,235.115.237.179,Mexico
430,Karie,Porcas,kporcasbx@google.com,Female,223.195.237.165,Poland
431,Dedra,McKelvie,dmckelvieby@sina.com.cn,Female,73.186.147.88,Netherlands
432,Faber,Keyworth,fkeyworthbz@amazonaws.com,Male,39.60.168.154,China
433,Iseabal,Whopples,iwhopplesc0@ebay.com,Female,97.201.24.199,Germany
434,Hedy,Franceschi,hfranceschic1@chicagotribune.com,Female,88.198.176.36,Argentina
435,Ricard,Janton,rjantonc2@nymag.com,Male,202.199.66.149,Malaysia
436,Ogdan,Halegarth,ohalegarthc3@cmu.edu,Male,168.179.216.40,Pakistan
437,Debra,Tilford,dtilfordc4@ibm.com,Female,73.29.239.189,Armenia
438,Phedra,Mantram,pmantramc5@europa.eu,Female,104.216.150.216,Indonesia
439,Beryle,Curd,bcurdc6@ask.com,Female,24.160.108.77,China
440,Jermaine,Willavize,jwillavizec7@webeden.co.uk,Male,21.243.60.151,Portugal
441,Jewel,Crookes,jcrookesc8@merriam-webster.com,Female,39.16.84.39,Vietnam
442,Granville,Ebbrell,gebbrellc9@liveinternet.ru,Male,136.113.208.49,Russia
443,Meggi,Bowstead,mbowsteadca@studiopress.com,Female,174.245.175.49,Afghanistan
444,Dita,Hawford,dhawfordcb@topsy.com,Female,6.39.132.3,Serbia
445,Jamie,Heber,jhebercc@unblog.fr,Male,120.88.103.49,China
446,Garnet,Reside,gresidecd@histats.com,Female,192.72.1.25,Portugal
447,Sherm,Ney,sneyce@blogtalkradio.com,Male,160.81.241.77,Philippines
448,Emmerich,Stonier,estoniercf@ucoz.ru,Male,211.1.23.188,Russia
449,Teresita,Lehrle,tlehrlecg@google.com.hk,Female,253.126.103.173,Japan
450,Dusty,Rentoul,drentoulch@springer.com,Female,57.143.96.164,China
451,Charlene,Szach,cszachci@soundcloud.com,Female,125.78.112.51,Indonesia
452,Layne,Roderighi,lroderighicj@prlog.org,Female,252.226.8.37,Pakistan
453,Joy,Standring,jstandringck@gov.uk,Female,103.54.217.223,Bangladesh
454,Irvine,Crinson,icrinsoncl@themeforest.net,Male,246.221.150.244,Sweden
455,Gus,MacNamara,gmacnamaracm@hud.gov,Female,92.12.153.40,Indonesia
456,Filip,Winnard,fwinnardcn@g.co,Male,188.18.242.115,Ukraine
457,Evangelin,Rainsbury,erainsburyco@tinyurl.com,Female,167.227.195.11,Nepal
458,Meridith,MacKeague,mmackeaguecp@friendfeed.com,Female,123.216.154.108,Croatia
459,Ann-marie,McGoogan,amcgoogancq@cbc.ca,Female,214.47.85.220,Poland
460,Elroy,Titcomb,etitcombcr@cbsnews.com,Male,24.201.202.79,Thailand
461,Hazel,Ivushkin,hivushkincs@feedburner.com,Female,109.194.146.187,China
462,Karlen,Clague,kclaguect@scribd.com,Female,63.200.213.53,Indonesia
463,Bryce,Cardenas,bcardenascu@lycos.com,Male,223.150.60.143,Poland
464,Dion,Fellows,dfellowscv@tumblr.com,Female,91.209.59.241,Indonesia
465,Hilly,Worsfield,hworsfieldcw@angelfire.com,Male,64.96.33.236,Albania
466,Belva,Espinho,bespinhocx@auda.org.au,Female,249.183.68.205,China
467,Holmes,Martland,hmartlandcy@sakura.ne.jp,Male,175.49.111.254,Luxembourg
468,Genni,Durtnal,gdurtnalcz@canalblog.com,Female,142.52.196.22,Mexico
469,Jereme,Edeson,jedesond0@phoca.cz,Male,206.6.158.206,Indonesia
470,Stacee,Canter,scanterd1@addthis.com,Male,143.27.183.106,Albania
471,Cosimo,Duckerin,cduckerind2@weibo.com,Male,71.53.119.24,China
472,Clemmie,Sones,csonesd3@unesco.org,Male,113.246.252.37,Afghanistan
473,North,Daingerfield,ndaingerfieldd4@netvibes.com,Male,214.75.18.52,China
474,Sybil,Goodright,sgoodrightd5@nih.gov,Female,82.204.156.247,China
475,Jayne,Bagby,jbagbyd6@arstechnica.com,Female,252.35.100.128,Indonesia
476,Sully,Tremathick,stremathickd7@fda.gov,Male,151.185.241.109,Poland
477,Fields,Wasbrough,fwasbroughd8@vistaprint.com,Male,55.81.77.72,Brazil
478,Miner,Sherington,msheringtond9@admin.ch,Male,191.25.231.66,Mauritius
479,Mata,Stockall,mstockallda@spiegel.de,Male,137.94.72.203,Guatemala
480,Abrahan,Bumpus,abumpusdb@addtoany.com,Male,234.171.172.195,Azerbaijan
481,Haley,O'Farris,hofarrisdc@netlog.com,Male,146.192.125.234,Madagascar
482,Robbert,Brecknall,rbrecknalldd@facebook.com,Male,162.29.233.172,Brazil
483,Domeniga,Bridle,dbridlede@google.com.hk,Female,116.164.120.108,Brazil
484,Monte,Goodbarne,mgoodbarnedf@blogger.com,Male,86.172.219.16,China
485,Genia,Whiskin,gwhiskindg@redcross.org,Female,155.144.96.120,China
486,Yurik,McGuiney,ymcguineydh@fastcompany.com,Male,11.123.94.204,Portugal
487,Ewell,Coils,ecoilsdi@pagesperso-orange.fr,Male,166.22.212.135,Colombia
488,Betta,Wabb,bwabbdj@ning.com,Female,183.140.197.207,South Africa
489,Blane,Sympson,bsympsondk@wisc.edu,Male,122.153.30.145,China
490,Marijn,Donneely,mdonneelydl@pbs.org,Male,3.6.230.171,Philippines
491,Wallis,Demer,wdemerdm@zimbio.com,Male,252.134.195.171,Poland
492,Cesya,Threadkell,cthreadkelldn@nifty.com,Female,132.6.24.84,Mongolia
493,Kristopher,Menendes,kmenendesdo@unicef.org,Male,90.179.91.200,Sweden
494,Juliann,Geipel,jgeipeldp@creativecommons.org,Female,150.123.52.90,Poland
495,Guendolen,Headon,gheadondq@shinystat.com,Female,151.96.164.220,Uganda
496,Jess,Perrycost,jperrycostdr@cnn.com,Female,248.172.121.27,Ukraine
497,Izak,Terrell,iterrellds@mediafire.com,Male,100.71.182.42,Thailand
498,Merissa,Vedyaev,mvedyaevdt@paypal.com,Female,212.110.0.203,Peru
499,Marga,Sarjeant,msarjeantdu@nifty.com,Female,59.71.153.115,Indonesia
500,Nicola,Hartles,nhartlesdv@youtube.com,Male,44.161.200.68,China
501,Adelice,Masham,amashamdw@over-blog.com,Female,38.157.246.78,China
502,Reggie,Saur,rsaurdx@vinaora.com,Female,106.207.163.114,Russia
503,Grannie,Hewes,ghewesdy@biblegateway.com,Male,16.225.173.73,Peru
504,Peirce,Strettell,pstrettelldz@is.gd,Male,130.166.246.74,Czech Republic
505,Evered,Sowman,esowmane0@blinklist.com,Male,119.26.253.61,Philippines
506,Wren,Brech,wbreche1@spiegel.de,Female,151.46.188.250,Ukraine
507,Trefor,Kinworthy,tkinworthye2@utexas.edu,Male,84.224.166.102,Croatia
508,Lucias,Carwithim,lcarwithime3@auda.org.au,Male,62.207.78.126,China
509,Aland,Welds,aweldse4@vistaprint.com,Male,122.44.198.45,Peru
510,Lilllie,Wyd,lwyde5@domainmarket.com,Female,233.188.145.177,Sweden
511,Killy,Pittel,kpittele6@marketwatch.com,Male,14.73.238.4,Brazil
512,Jordanna,Bellwood,jbellwoode7@hubpages.com,Female,13.130.67.17,China
513,Bartlet,Nuemann,bnuemanne8@t-online.de,Male,43.66.62.13,Philippines
514,Feodor,Beartup,fbeartupe9@zdnet.com,Male,99.59.77.230,Bulgaria
515,Rutherford,Grise,rgriseea@github.io,Male,252.210.133.53,Laos
516,Kitti,Afonso,kafonsoeb@npr.org,Female,214.231.251.207,France
517,Dolli,Aitchinson,daitchinsonec@domainmarket.com,Female,167.168.69.62,Ireland
518,Violette,Ozelton,vozeltoned@booking.com,Female,25.91.123.241,Russia
519,Franciskus,Hannibal,fhannibalee@drupal.org,Male,230.245.49.219,Ecuador
520,Trace,Casford,tcasfordef@archive.org,Male,230.178.189.156,Portugal
521,Alec,Senett,asenetteg@unc.edu,Male,57.86.183.76,Indonesia
522,Templeton,Geere,tgeereeh@histats.com,Male,159.99.228.98,Indonesia
523,Felecia,Pressdee,fpressdeeei@last.fm,Female,137.98.20.226,Greece
524,Aldric,Di Biagio,adibiagioej@linkedin.com,Male,198.169.234.108,Indonesia
525,Meagan,Ponting,mpontingek@nps.gov,Female,24.144.68.227,Brazil
526,Skell,Pickwell,spickwellel@wordpress.com,Male,158.23.22.230,Philippines
527,Theo,Shelsher,tshelsherem@desdev.cn,Male,7.163.167.75,China
528,Florenza,Alejo,falejoen@guardian.co.uk,Female,21.235.156.27,Brazil
529,Carly,Bigglestone,cbigglestoneeo@gravatar.com,Female,109.80.118.170,Poland
530,Theodor,Aronstam,taronstamep@g.co,Male,223.36.244.12,Mongolia
531,Maggi,Tilson,mtilsoneq@auda.org.au,Female,199.189.237.166,Russia
532,Ida,Cozins,icozinser@vistaprint.com,Female,120.93.82.107,Germany
533,Danella,Leek,dleekes@china.com.cn,Female,18.82.127.74,China
534,Storm,Vel,svelet@t.co,Female,129.31.80.24,China
535,Vincents,Morpeth,vmorpetheu@friendfeed.com,Male,140.89.218.14,China
536,Thatcher,Crunkhurn,tcrunkhurnev@seesaa.net,Male,150.209.92.103,Czech Republic
537,Carlo,O Mullen,comullenew@ftc.gov,Male,199.171.107.109,China
538,Frances,Tyas,ftyasex@bigcartel.com,Female,218.107.148.28,Greece
539,Tonia,MacRinn,tmacrinney@nasa.gov,Female,101.53.160.103,Russia
540,Magdalene,Skerme,mskermeez@infoseek.co.jp,Female,34.247.199.242,Ukraine
541,Krystle,Barthelet,kbartheletf0@deviantart.com,Female,36.87.91.16,Indonesia
542,Raymund,Hemms,rhemmsf1@qq.com,Male,174.38.82.158,Venezuela
543,Jens,Le Monnier,jlemonnierf2@tripadvisor.com,Male,75.82.235.84,Indonesia
544,Palm,McGourty,pmcgourtyf3@exblog.jp,Male,1.250.144.0,Portugal
545,Crystal,Sargint,csargintf4@yahoo.com,Female,44.60.211.25,France
546,Barnebas,Morena,bmorenaf5@netscape.com,Male,77.32.220.167,Indonesia
547,Friedrick,Piegrome,fpiegromef6@oracle.com,Male,89.246.14.161,China
548,Papageno,Harber,pharberf7@comsenz.com,Male,55.43.243.201,South Africa
549,Greta,Rielly,griellyf8@feedburner.com,Female,124.74.112.128,Peru
550,Broddy,Tuff,btufff9@nifty.com,Male,90.37.88.216,Sweden
551,Suzy,Fessler,sfesslerfa@bluehost.com,Female,81.211.191.126,China
552,Brand,Allsupp,ballsuppfb@youtu.be,Male,162.48.226.133,Bangladesh
553,Jeff,Padgham,jpadghamfc@gnu.org,Male,51.153.126.195,Marshall Islands
554,Dugald,Eldred,deldredfd@reference.com,Male,145.41.25.243,Morocco
555,Vilhelmina,Strowlger,vstrowlgerfe@senate.gov,Female,206.52.82.198,Indonesia
556,Tildy,Boldison,tboldisonff@theglobeandmail.com,Female,220.23.154.111,China
557,Enriqueta,Noblett,enoblettfg@boston.com,Female,37.218.43.106,Nicaragua
558,Lenna,Dummett,ldummettfh@craigslist.org,Female,80.139.28.197,Greece
559,Alford,Hallows,ahallowsfi@buzzfeed.com,Male,84.236.177.159,Cambodia
560,Pembroke,Marsy,pmarsyfj@nydailynews.com,Male,180.193.74.58,Serbia
561,Vladimir,Niset,vnisetfk@dedecms.com,Male,136.229.154.248,Portugal
562,Herc,Martinyuk,hmartinyukfl@pcworld.com,Male,60.154.10.4,New Zealand
563,Barney,Shellard,bshellardfm@walmart.com,Male,210.148.154.10,Japan
564,Uri,Michelmore,umichelmorefn@wordpress.org,Male,215.60.157.163,Zambia
565,Farly,Lorait,floraitfo@ocn.ne.jp,Male,227.120.243.162,China
566,Linda,Castellino,lcastellinofp@bandcamp.com,Female,8.81.33.231,Indonesia
567,Timmi,Wheadon,twheadonfq@usnews.com,Female,152.84.69.174,Colombia
568,Marjy,Clewlowe,mclewlowefr@arstechnica.com,Female,233.204.40.73,Thailand
569,Crin,Murthwaite,cmurthwaitefs@weebly.com,Female,230.201.168.17,Brazil
570,Angelia,Varlow,avarlowft@exblog.jp,Female,26.163.43.239,Vietnam
571,Millard,Ould,mouldfu@timesonline.co.uk,Male,225.189.74.101,China
572,Angie,Corrett,acorrettfv@xrea.com,Male,86.196.140.242,Russia
573,Korey,Loxley,kloxleyfw@netlog.com,Male,115.236.249.139,Sweden
574,Niles,Graffham,ngraffhamfx@irs.gov,Male,194.128.224.228,China
575,Gustav,Bevington,gbevingtonfy@ihg.com,Male,132.117.174.96,Ukraine
576,Harmonie,Kitcherside,hkitchersidefz@nationalgeographic.com,Female,165.193.107.61,Indonesia
577,Sylvia,Johann,sjohanng0@ustream.tv,Female,133.199.86.234,Morocco
578,Angus,Hutcheson,ahutchesong1@mlb.com,Male,147.235.6.118,Indonesia
579,Lalo,Hancox,lhancoxg2@google.ca,Male,61.105.70.115,Burkina Faso
580,Rube,Astling,rastlingg3@i2i.jp,Male,134.174.136.75,Russia
581,Valaria,Harpur,vharpurg4@infoseek.co.jp,Female,204.236.83.203,Greece
582,Karmen,Lawrenz,klawrenzg5@timesonline.co.uk,Female,77.221.105.183,Zambia
583,Arlana,Dinsale,adinsaleg6@ifeng.com,Female,228.82.2.229,Philippines
584,Ramona,Dyzart,rdyzartg7@dion.ne.jp,Female,136.91.172.221,China
585,Pyotr,Osgorby,posgorbyg8@blogspot.com,Male,99.125.80.0,China
586,Paulo,Martensen,pmartenseng9@ted.com,Male,194.145.106.64,China
587,Raye,Waterman,rwatermanga@huffingtonpost.com,Female,130.28.226.237,Russia
588,Guinna,Markus,gmarkusgb@ihg.com,Female,160.208.113.104,Indonesia
589,Brade,Eliez,beliezgc@pen.io,Male,181.26.170.26,China
590,Naomi,Vondra,nvondragd@google.es,Female,36.192.120.210,Japan
591,Tommy,Sydenham,tsydenhamge@usnews.com,Male,90.195.210.219,Norway
592,Irita,Wakeford,iwakefordgf@wikia.com,Female,166.248.38.185,Russia
593,Boot,Baff,bbaffgg@imgur.com,Male,180.92.249.76,Ukraine
594,Monti,Pitkins,mpitkinsgh@amazonaws.com,Male,178.69.88.136,Poland
595,Glendon,Biggans,gbiggansgi@ameblo.jp,Male,86.42.224.22,France
596,De witt,Chetwin,dchetwingj@cpanel.net,Male,133.101.130.132,France
597,Abrahan,Kilroy,akilroygk@networkadvertising.org,Male,1.203.112.115,France
598,Cello,Aloshechkin,caloshechkingl@nydailynews.com,Male,28.214.218.208,Albania
599,Mordy,Mowat,mmowatgm@csmonitor.com,Male,66.105.125.48,Argentina
600,Bonnie,Pembery,bpemberygn@sun.com,Female,47.209.103.184,Mozambique
601,Ada,Segeswoeth,asegeswoethgo@jigsy.com,Female,65.165.239.181,China
602,Roseann,Gier,rgiergp@statcounter.com,Female,95.165.115.49,China
603,Cori,Abramowitch,cabramowitchgq@mysql.com,Male,128.168.14.164,Portugal
604,Lester,Furnival,lfurnivalgr@blogtalkradio.com,Male,178.141.201.52,China
605,Godfrey,Harbinson,gharbinsongs@imdb.com,Male,137.52.41.9,Vietnam
606,Linnie,Tower,ltowergt@economist.com,Female,123.6.164.112,Indonesia
607,Aubert,Lill,alillgu@github.io,Male,100.199.28.92,Indonesia
608,Clementina,Deare,cdearegv@va.gov,Female,217.71.167.242,China
609,Sacha,Surgeoner,ssurgeonergw@parallels.com,Female,33.65.31.29,France
610,Barby,Parmer,bparmergx@uiuc.edu,Female,168.74.254.250,China
611,Phillipe,Sandyford,psandyfordgy@cam.ac.uk,Male,182.40.45.24,China
612,Eward,O'Hartigan,eohartigangz@economist.com,Male,74.9.177.221,Indonesia
613,Murdock,Cosens,mcosensh0@cbslocal.com,Male,74.216.177.250,Indonesia
614,Tillie,Lindores,tlindoresh1@gizmodo.com,Female,201.202.73.141,South Africa
615,Saundra,Bastie,sbastieh2@smh.com.au,Male,30.85.205.50,Poland
616,Shalom,Pullen,spullenh3@clickbank.net,Male,194.157.116.60,Indonesia
617,Gerhardt,Lempke,glempkeh4@plala.or.jp,Male,130.16.208.125,Iran
618,Hertha,Stroulger,hstroulgerh5@ow.ly,Female,127.107.162.150,Japan
619,Lenka,Weymont,lweymonth6@twitter.com,Female,8.176.82.8,Ethiopia
620,Theodoric,Reville,trevilleh7@domainmarket.com,Male,236.226.113.227,Russia
621,Caspar,Withrop,cwithroph8@blogspot.com,Male,25.218.0.10,China
622,Gearalt,Tawton,gtawtonh9@yahoo.com,Male,228.241.81.123,South Korea
623,Tim,Blewmen,tblewmenha@goo.ne.jp,Male,109.121.207.141,Czech Republic
624,Remy,Crutchfield,rcrutchfieldhb@reverbnation.com,Female,118.91.138.227,Poland
625,Diane-marie,Verchambre,dverchambrehc@flickr.com,Female,224.214.165.94,China
626,Perla,Winkless,pwinklesshd@ameblo.jp,Female,48.237.84.180,Argentina
627,Freda,Iorio,fioriohe@t.co,Female,92.32.113.186,Indonesia
628,Judas,Nerval,jnervalhf@sphinn.com,Male,203.101.235.113,Russia
629,Bowie,Ballendine,bballendinehg@who.int,Male,36.87.240.98,Indonesia
630,Chadwick,Ville,cvillehh@about.com,Male,136.8.7.220,Austria
631,Goober,Alleway,gallewayhi@kickstarter.com,Male,127.234.203.102,Ireland
632,Leslie,Rolin,lrolinhj@storify.com,Male,220.235.99.160,China
633,Lucius,Penman,lpenmanhk@g.co,Male,87.243.172.67,Mexico
634,Ruthie,Epton,reptonhl@timesonline.co.uk,Female,248.199.190.25,Tanzania
635,Pauli,Trundler,ptrundlerhm@fotki.com,Female,20.163.190.163,Tunisia
636,Shannen,Lampart,slamparthn@cpanel.net,Female,187.168.23.66,China
637,Oliy,Gregoriou,ogregoriouho@discuz.net,Female,51.20.101.229,Indonesia
638,Jewell,Backman,jbackmanhp@spiegel.de,Female,93.70.68.28,Lesotho
639,Phillipp,Towriss,ptowrisshq@shareasale.com,Male,133.106.120.250,Luxembourg
640,Sheree,Cowthart,scowtharthr@blinklist.com,Female,81.180.73.242,Poland
641,Ayn,Sessions,asessionshs@redcross.org,Female,27.124.250.134,Indonesia
642,Flss,Crellin,fcrellinht@fda.gov,Female,166.184.104.135,Sweden
643,Cairistiona,Verheijden,cverheijdenhu@mapquest.com,Female,143.188.31.155,Egypt
644,Finley,Ferrolli,fferrollihv@addtoany.com,Male,41.83.105.157,Vietnam
645,Glen,Klaff,gklaffhw@indiatimes.com,Male,192.235.52.192,China
646,Rochella,Rizzo,rrizzohx@paginegialle.it,Female,48.191.43.124,Suriname
647,Bruce,Deathridge,bdeathridgehy@shop-pro.jp,Male,143.230.91.73,Colombia
648,Paddy,Wittering,pwitteringhz@google.ca,Male,41.43.215.92,Sweden
649,Waite,Harrowing,wharrowingi0@google.com.au,Male,207.212.121.71,Sweden
650,Mamie,Lindenberg,mlindenbergi1@hc360.com,Female,229.38.184.207,Philippines
651,Onfre,Harradence,oharradencei2@artisteer.com,Male,64.4.2.96,Brazil
652,Neala,Kording,nkordingi3@answers.com,Female,33.155.109.89,France
653,Marthena,Trevascus,mtrevascusi4@sciencedirect.com,Female,178.248.60.252,Indonesia
654,Tara,Robbie,trobbiei5@symantec.com,Female,189.219.124.175,Sweden
655,Keir,Raye,krayei6@elpais.com,Male,241.42.166.228,Bosnia and Herzegovina
656,Marrilee,Thridgould,mthridgouldi7@arizona.edu,Female,73.83.130.62,Canada
657,Babbie,Waison,bwaisoni8@dedecms.com,Female,237.167.28.128,Philippines
658,Niccolo,Sivorn,nsivorni9@nydailynews.com,Male,47.231.125.90,Portugal
659,Sarine,Olander,solanderia@jalbum.net,Female,150.242.74.254,China
660,Finlay,Chapier,fchapierib@google.es,Male,27.226.8.181,China
661,Dorey,Novotna,dnovotnaic@twitpic.com,Male,36.191.93.26,Philippines
662,Lemuel,Malcolmson,lmalcolmsonid@disqus.com,Male,254.55.41.255,Indonesia
663,Rafa,Phear,rphearie@bbb.org,Female,28.159.65.255,Czech Republic
664,Flora,Dryden,fdrydenif@devhub.com,Female,100.213.212.159,Belarus
665,Tani,Popescu,tpopescuig@t.co,Female,5.111.254.222,Philippines
666,Iseabal,Manders,imandersih@symantec.com,Female,34.77.104.20,Kenya
667,Royal,Skelbeck,rskelbeckii@tiny.cc,Male,131.255.127.125,China
668,Torre,MacIlhagga,tmacilhaggaij@360.cn,Male,32.46.239.23,China
669,Marena,Willans,mwillansik@prlog.org,Female,249.36.91.192,Belarus
670,Teddie,Hargrave,thargraveil@columbia.edu,Male,227.171.34.200,Afghanistan
671,Ram,Meekings,rmeekingsim@tinyurl.com,Male,218.100.124.55,Russia
672,Deloria,Cumbers,dcumbersin@whitehouse.gov,Female,44.29.119.186,Russia
673,Thorndike,Yaus,tyausio@gravatar.com,Male,25.158.16.51,Canada
674,Betty,Rooson,broosonip@phpbb.com,Female,77.9.28.107,Uruguay
675,Fredi,Nudde,fnuddeiq@fastcompany.com,Female,143.22.110.135,Indonesia
676,Ole,Baldelli,obaldelliir@umn.edu,Male,245.23.184.111,Greece
677,Konstantine,Pratt,kprattis@bloglovin.com,Male,55.244.174.64,Czech Republic
678,Colas,Beacon,cbeaconit@vinaora.com,Male,133.114.22.91,Canada
679,Gilberto,Moreman,gmoremaniu@nyu.edu,Male,165.93.212.143,Macedonia
680,Selene,Fawthrop,sfawthropiv@shop-pro.jp,Female,100.176.71.95,Myanmar
681,Charmaine,Arrighini,carrighiniiw@ameblo.jp,Female,41.145.29.195,Portugal
682,Mufi,Umfrey,mumfreyix@weibo.com,Female,190.59.38.125,Indonesia
683,Christabella,Vitte,cvitteiy@diigo.com,Female,63.92.83.21,China
684,Alison,Doles,adolesiz@home.pl,Female,250.152.56.92,Czech Republic
685,Ruthe,Kabsch,rkabschj0@sina.com.cn,Female,149.125.15.146,Peru
686,Willamina,Groom,wgroomj1@is.gd,Female,84.249.166.168,Japan
687,Phylys,Mackerness,pmackernessj2@gmpg.org,Female,62.89.231.128,Norway
688,Allix,Plomer,aplomerj3@msn.com,Female,4.98.133.22,Peru
689,Isaiah,Schoenrock,ischoenrockj4@phoca.cz,Male,78.109.42.25,Philippines
690,Bryant,McKibbin,bmckibbinj5@ca.gov,Male,29.171.80.46,China
691,Nicolas,Bulford,nbulfordj6@ted.com,Male,144.13.242.79,Russia
692,Nickolas,Findlow,nfindlowj7@umn.edu,Male,124.250.82.187,Peru
693,Karry,Pearson,kpearsonj8@lycos.com,Female,156.117.233.50,China
694,Valentine,Fellnee,vfellneej9@networksolutions.com,Female,154.22.58.128,Portugal
695,Homere,Prescott,hprescottja@gravatar.com,Male,146.94.243.216,Yemen
696,Rube,Roycroft,rroycroftjb@theguardian.com,Male,114.210.212.136,Philippines
697,Tabatha,Graalmans,tgraalmansjc@princeton.edu,Female,47.96.247.237,Iran
698,Bordie,Owttrim,bowttrimjd@domainmarket.com,Male,224.195.28.231,Palestinian Territory
699,Charil,Scollick,cscollickje@theglobeandmail.com,Female,12.112.31.230,Palestinian Territory
700,Thorin,Cord,tcordjf@princeton.edu,Male,226.139.37.48,China
701,Moria,MacCague,mmaccaguejg@dagondesign.com,Female,130.59.245.132,Ukraine
702,Kirbee,Staziker,kstazikerjh@drupal.org,Female,244.228.53.135,China
703,Aeriela,Rodder,arodderji@behance.net,Female,186.237.148.74,Indonesia
704,Paten,Gianolo,pgianolojj@google.ru,Male,70.43.51.189,Japan
705,Vanna,McDyer,vmcdyerjk@histats.com,Female,193.236.103.110,United States
706,Karolina,Bloschke,kbloschkejl@cornell.edu,Female,45.255.68.100,Russia
707,Zarah,Mattack,zmattackjm@forbes.com,Female,176.171.6.74,Luxembourg
708,Rafe,Bore,rborejn@last.fm,Male,242.168.63.217,Armenia
709,Kirby,Saffer,ksafferjo@deliciousdays.com,Male,181.150.83.154,Canada
710,Harold,Mariolle,hmariollejp@bandcamp.com,Male,92.60.135.168,United States
711,Reba,Barff,rbarffjq@usatoday.com,Female,164.131.175.55,China
712,Nate,McAmish,nmcamishjr@istockphoto.com,Male,107.86.224.50,Indonesia
713,Bennett,Vinas,bvinasjs@youku.com,Male,186.219.215.189,Ireland
714,Antons,Trencher,atrencherjt@redcross.org,Male,225.202.158.64,Indonesia
715,Chrystel,Dockrell,cdockrellju@mac.com,Female,184.250.218.98,Indonesia
716,Almeta,Tuplin,atuplinjv@phpbb.com,Female,163.173.22.3,Nigeria
717,Jerry,Bullock,jbullockjw@scribd.com,Female,197.135.211.91,France
718,Karel,Folger,kfolgerjx@howstuffworks.com,Female,140.24.29.179,China
719,Lou,Dumphreys,ldumphreysjy@bloomberg.com,Male,104.19.230.161,Bosnia and Herzegovina
720,Valentin,Chazier,vchazierjz@t.co,Male,225.89.238.200,France
721,Lesya,Stockbridge,lstockbridgek0@shutterfly.com,Female,188.81.38.185,China
722,Onida,Clearley,oclearleyk1@vistaprint.com,Female,177.169.192.129,Peru
723,Athene,Chevers,acheversk2@squidoo.com,Female,14.201.171.38,Poland
724,Dannye,Bowgen,dbowgenk3@indiegogo.com,Female,100.47.39.32,United States
725,Coralyn,O'Hogertie,cohogertiek4@ustream.tv,Female,230.234.14.189,Western Sahara
726,Nicky,Spering,nsperingk5@kickstarter.com,Female,90.12.15.0,China
727,Ly,Pullman,lpullmank6@ocn.ne.jp,Male,54.7.250.58,Russia
728,Kearney,Varnals,kvarnalsk7@cloudflare.com,Male,138.12.132.241,Yemen
729,Stafford,Bodycomb,sbodycombk8@com.com,Male,28.121.32.112,Kyrgyzstan
730,Ebony,Samudio,esamudiok9@comcast.net,Female,84.123.211.135,China
731,Augustin,Macartney,amacartneyka@amazon.co.jp,Male,165.173.140.165,Sweden
732,Astra,Sammars,asammarskb@e-recht24.de,Female,106.239.196.232,Peru
733,Nady,Nickell,nnickellkc@usnews.com,Female,215.30.75.112,Poland
734,Cristiano,Bachman,cbachmankd@wikipedia.org,Male,219.50.72.61,Indonesia
735,Oona,Lerego,oleregoke@wix.com,Female,41.90.104.163,China
736,Collie,Riggert,criggertkf@ow.ly,Female,124.89.205.125,Indonesia
737,Fanchette,Duffit,fduffitkg@yandex.ru,Female,166.158.44.51,Portugal
738,Skip,Bleibaum,sbleibaumkh@ucsd.edu,Male,46.144.11.173,Cuba
739,Gamaliel,Cowles,gcowleski@icio.us,Male,123.194.61.73,Brazil
740,Bren,Waterhouse,bwaterhousekj@virginia.edu,Male,178.31.24.202,Philippines
741,Waiter,Keppy,wkeppykk@walmart.com,Male,115.102.36.146,China
742,Rickert,De Filippi,rdefilippikl@senate.gov,Male,136.151.200.53,Indonesia
743,Murray,Riepel,mriepelkm@google.fr,Male,80.246.245.95,China
744,Holli,Borzone,hborzonekn@netvibes.com,Female,141.240.109.92,Indonesia
745,Gerardo,Manie,gmanieko@topsy.com,Male,157.95.223.144,Norway
746,Dom,Martinet,dmartinetkp@unesco.org,Male,70.235.241.43,Sweden
747,Delaney,Oppie,doppiekq@jiathis.com,Male,111.243.198.174,Republic of the Congo
748,Editha,Stading,estadingkr@macromedia.com,Female,5.39.146.184,China
749,Paolina,Belvard,pbelvardks@ibm.com,Female,248.154.55.212,Guatemala
750,Avrom,McBay,amcbaykt@godaddy.com,Male,86.149.119.161,Serbia
751,Celie,Truckell,ctruckellku@opensource.org,Female,239.107.167.25,China
752,Vevay,Oxenham,voxenhamkv@livejournal.com,Female,176.21.129.25,Indonesia
753,Dolph,Ebbings,debbingskw@edublogs.org,Male,244.226.14.86,Indonesia
754,Terza,Johantges,tjohantgeskx@mail.ru,Female,193.118.146.208,Bolivia
755,Katherina,Patroni,kpatroniky@ed.gov,Female,22.253.41.246,Portugal
756,Elladine,Ubsdall,eubsdallkz@about.me,Female,74.6.222.90,China
757,West,Chilles,wchillesl0@statcounter.com,Male,152.237.218.93,Philippines
758,Hewitt,Ucceli,huccelil1@timesonline.co.uk,Male,6.24.213.57,Belarus
759,Salomone,Holsall,sholsalll2@sina.com.cn,Male,126.102.36.42,China
760,York,Macauley,ymacauleyl3@alexa.com,Male,139.59.189.211,United States
761,Consuela,O'Concannon,coconcannonl4@earthlink.net,Female,186.72.254.6,Indonesia
762,Breanne,MacKniely,bmacknielyl5@imdb.com,Female,122.69.239.165,Greenland
763,Wendeline,Rolinson,wrolinsonl6@msn.com,Female,248.106.198.231,Russia
764,Tildy,Kreber,tkreberl7@printfriendly.com,Female,50.218.224.166,Indonesia
765,Otto,Engley,oengleyl8@barnesandnoble.com,Male,48.127.223.25,Philippines
766,Willyt,Lewsley,wlewsleyl9@printfriendly.com,Female,93.210.116.189,Indonesia
767,Melanie,Gravells,mgravellsla@spotify.com,Female,139.94.221.123,Poland
768,Perren,MacCallister,pmaccallisterlb@addtoany.com,Male,153.119.33.81,Russia
769,Read,Killingbeck,rkillingbecklc@gravatar.com,Male,213.82.69.255,Mongolia
770,Alfie,McCaughen,amccaughenld@sciencedaily.com,Male,213.14.14.197,Nigeria
771,Sonnnie,Deverock,sdeverockle@state.gov,Female,254.159.37.19,Fiji
772,Jourdain,Tratton,jtrattonlf@elpais.com,Male,117.47.202.254,Canada
773,Agnola,Lutsch,alutschlg@disqus.com,Female,73.183.237.103,Thailand
774,Jedd,Capun,jcapunlh@feedburner.com,Male,217.204.217.95,Philippines
775,Raynard,Duckering,rduckeringli@amazonaws.com,Male,211.165.155.64,Venezuela
776,Joletta,Zettler,jzettlerlj@ft.com,Female,26.14.119.96,China
777,Luther,Grog,lgroglk@bravesites.com,Male,220.35.184.55,Norway
778,Krispin,Vicent,kvicentll@so-net.ne.jp,Male,183.44.16.227,Indonesia
779,Roderigo,Heersma,rheersmalm@canalblog.com,Male,226.61.130.95,Vietnam
780,Germaine,Swindlehurst,gswindlehurstln@e-recht24.de,Female,104.247.195.199,Sweden
781,Almeta,Sizey,asizeylo@tumblr.com,Female,120.3.239.212,Portugal
782,Milton,Olyff,molyfflp@samsung.com,Male,176.164.228.61,United States
783,Serge,Wolters,swolterslq@unc.edu,Male,56.255.244.233,Russia
784,Christi,Nealon,cnealonlr@tripod.com,Female,223.62.43.183,Philippines
785,Robinet,Degoe,rdegoels@usnews.com,Male,9.125.191.252,Zambia
786,Corrinne,Scargill,cscargilllt@acquirethisname.com,Female,63.27.177.225,Indonesia
787,Allan,Macon,amaconlu@ebay.co.uk,Male,11.163.73.7,United States
788,Gearalt,Papez,gpapezlv@boston.com,Male,170.48.133.42,Japan
789,Eziechiele,Eldershaw,eeldershawlw@ifeng.com,Male,189.53.246.193,China
790,Valeria,Slyme,vslymelx@unesco.org,Female,80.152.171.94,Sierra Leone
791,Patric,Poulson,ppoulsonly@yellowbook.com,Male,211.22.99.72,France
792,Janean,Millyard,jmillyardlz@aol.com,Female,104.133.234.38,China
793,Way,Francescuccio,wfrancescucciom0@delicious.com,Male,232.32.72.171,Cameroon
794,Nan,Gajewski,ngajewskim1@about.com,Female,192.241.38.166,China
795,Rosco,Streak,rstreakm2@wordpress.com,Male,141.128.53.11,Nigeria
796,Rosamund,Abramino,rabraminom3@ifeng.com,Female,111.40.232.12,Brazil
797,Vic,Dawtrey,vdawtreym4@a8.net,Male,60.237.34.180,Philippines
798,Ileane,Mattam,imattamm5@example.com,Female,81.186.209.223,Mexico
799,Valerye,Duggan,vdugganm6@sun.com,Female,130.26.55.51,Bosnia and Herzegovina
800,Norrie,Spitaro,nspitarom7@hibu.com,Male,192.146.194.144,United States
801,Jaymee,Baumber,jbaumberm8@discuz.net,Female,230.75.114.196,Oman
802,Abbe,Goymer,agoymerm9@oakley.com,Male,169.208.185.233,Latvia
803,De,Loghan,dloghanma@instagram.com,Female,126.168.65.243,Russia
804,Angus,Flooks,aflooksmb@163.com,Male,42.59.28.122,United States
805,Yetty,Piggen,ypiggenmc@theglobeandmail.com,Female,14.162.66.228,Sweden
806,Con,Postians,cpostiansmd@posterous.com,Female,69.24.116.59,China
807,Gertrud,McClenaghan,gmcclenaghanme@imgur.com,Female,24.63.2.119,France
808,Gray,Stronack,gstronackmf@eepurl.com,Male,104.152.62.100,Thailand
809,Bettye,Shipley,bshipleymg@omniture.com,Female,28.216.176.198,Indonesia
810,Francesco,McAmish,fmcamishmh@sourceforge.net,Male,203.83.22.116,Bulgaria
811,Kamillah,Halcro,khalcromi@cdbaby.com,Female,34.174.91.62,China
812,Deloris,Hawke,dhawkemj@va.gov,Female,218.204.224.196,Panama
813,Eddi,Lazarus,elazarusmk@ameblo.jp,Female,254.175.121.80,United States
814,Katinka,Ribou,kribouml@whitehouse.gov,Female,122.222.50.27,France
815,Troy,Moynihan,tmoynihanmm@dion.ne.jp,Male,224.234.2.110,Brazil
816,Ransom,Schuricke,rschurickemn@yahoo.co.jp,Male,73.42.153.206,China
817,Demetris,Stoltz,dstoltzmo@umich.edu,Male,136.191.206.26,Sweden
818,Filberto,Wallenger,fwallengermp@fotki.com,Male,197.13.86.140,China
819,Debor,Pedrick,dpedrickmq@hp.com,Female,222.20.164.8,Colombia
820,Wallis,Maffia,wmaffiamr@epa.gov,Male,104.20.137.239,Kenya
821,Tedman,Kershow,tkershowms@google.es,Male,125.33.85.176,Philippines
822,Mike,MacKettrick,mmackettrickmt@wordpress.com,Male,157.224.199.95,Portugal
823,Genevra,Weatherall,gweatherallmu@booking.com,Female,124.107.232.223,American Samoa
824,Bat,Sheed,bsheedmv@usatoday.com,Male,20.63.72.206,Thailand
825,Herold,Ellgood,hellgoodmw@symantec.com,Male,152.64.46.104,Bulgaria
826,Morly,Blezard,mblezardmx@soup.io,Male,159.14.188.192,Nigeria
827,Fonsie,Goodban,fgoodbanmy@deliciousdays.com,Male,33.142.15.64,Brazil
828,Pattin,Peter,ppetermz@tamu.edu,Male,157.9.22.227,Philippines
829,Shermie,Pereira,spereiran0@slideshare.net,Male,160.49.224.141,Slovakia
830,Klement,Stollen,kstollenn1@discovery.com,Male,211.180.56.202,Russia
831,Lurleen,Swindells,lswindellsn2@blog.com,Female,158.170.94.176,Colombia
832,Nelson,Dillway,ndillwayn3@theguardian.com,Male,254.221.39.43,Sweden
833,Krissie,Lynde,klynden4@godaddy.com,Female,168.0.109.36,Uzbekistan
834,Aimil,Bownd,abowndn5@cpanel.net,Female,190.2.246.252,China
835,Brett,Murdy,bmurdyn6@shareasale.com,Male,139.24.129.162,Sweden
836,Joline,Cuttelar,jcuttelarn7@scribd.com,Female,216.92.247.185,Russia
837,Layney,Ivanilov,livanilovn8@mac.com,Female,123.222.16.109,China
838,Alexandre,Blench,ablenchn9@omniture.com,Male,207.35.201.245,Haiti
839,Ira,Grcic,igrcicna@webeden.co.uk,Male,177.225.75.65,Peru
840,Gerty,Tender,gtendernb@weebly.com,Female,144.179.226.163,Philippines
841,Reine,Newsome,rnewsomenc@nyu.edu,Female,202.60.19.106,China
842,Ambrosi,Idill,aidillnd@wired.com,Male,148.46.62.107,China
843,Gordan,Zucker,gzuckerne@marriott.com,Male,190.135.15.218,Russia
844,Raynell,Gonning,rgonningnf@tuttocitta.it,Female,206.23.75.91,Venezuela
845,Trude,Schlagman,tschlagmanng@comcast.net,Female,122.164.164.184,Ethiopia
846,Eula,Fowlds,efowldsnh@pinterest.com,Female,27.87.62.225,Indonesia
847,Norry,Trowbridge,ntrowbridgeni@yandex.ru,Male,195.38.102.195,Greece
848,Malissa,Fincham,mfinchamnj@vkontakte.ru,Female,225.115.66.122,Russia
849,Conn,House,chousenk@hao123.com,Male,115.254.146.113,Republic of the Congo
850,Carole,Tackell,ctackellnl@example.com,Female,240.38.8.116,Indonesia
851,Afton,Dumberell,adumberellnm@wikimedia.org,Female,78.152.90.74,Iran
852,Marten,Fairholme,mfairholmenn@sciencedaily.com,Male,131.112.234.179,Russia
853,Ford,Bridgwood,fbridgwoodno@ebay.co.uk,Male,86.82.63.165,Czech Republic
854,Sheryl,Impett,simpettnp@wiley.com,Female,46.152.206.121,China
855,Kenneth,Roach,kroachnq@hao123.com,Male,0.20.29.177,Chile
856,Rowan,Jacobsen,rjacobsennr@nationalgeographic.com,Male,112.96.5.164,China
857,Victoria,Hymor,vhymorns@biglobe.ne.jp,Female,107.225.41.179,Indonesia
858,Syd,Sokale,ssokalent@nsw.gov.au,Male,235.96.20.3,Chile
859,Demetre,Hayball,dhayballnu@ow.ly,Male,118.110.22.107,Sweden
860,Cyndia,Kliner,cklinernv@cnet.com,Female,190.108.111.207,Philippines
861,Cris,Janczewski,cjanczewskinw@qq.com,Male,196.207.38.71,Norway
862,Dari,Coveney,dcoveneynx@intel.com,Female,172.18.131.201,Portugal
863,Smitty,Faloon,sfaloonny@indiatimes.com,Male,152.55.208.206,China
864,Rawley,Tebbs,rtebbsnz@ftc.gov,Male,88.41.195.103,Mexico
865,Brigida,Grolmann,bgrolmanno0@themeforest.net,Female,197.114.37.0,Poland
866,Rawley,Schmidt,rschmidto1@dagondesign.com,Male,114.68.98.192,Indonesia
867,Casi,Gartside,cgartsideo2@cargocollective.com,Female,62.188.153.138,China
868,Brannon,Athridge,bathridgeo3@noaa.gov,Male,44.186.110.85,Micronesia
869,Townie,Soppit,tsoppito4@epa.gov,Male,60.35.19.96,Sweden
870,Kristos,Decort,kdecorto5@gnu.org,Male,64.242.101.89,Philippines
871,Alexis,Lisciandri,alisciandrio6@nhs.uk,Male,115.167.29.95,China
872,Igor,Di Francesco,idifrancescoo7@shutterfly.com,Male,225.53.158.246,Indonesia
873,Boyce,Ewbanche,bewbancheo8@edublogs.org,Male,231.79.166.75,China
874,Vonnie,McComas,vmccomaso9@merriam-webster.com,Female,19.206.137.79,Turkmenistan
875,Winnifred,Anslow,wanslowoa@ebay.com,Female,63.170.70.47,France
876,Blinny,Aizik,baizikob@telegraph.co.uk,Female,11.52.205.115,Sweden
877,Hillary,Bore,hboreoc@comsenz.com,Female,31.17.241.96,Yemen
878,Miran,Powley,mpowleyod@ycombinator.com,Female,74.116.103.81,Philippines
879,Damien,Wallege,dwallegeoe@edublogs.org,Male,133.242.125.93,China
880,Abbott,Francescuzzi,afrancescuzziof@behance.net,Male,231.112.34.19,Brazil
881,Dorolice,Naisby,dnaisbyog@odnoklassniki.ru,Female,135.227.173.68,Russia
882,Letti,Rushsorth,lrushsorthoh@photobucket.com,Female,191.207.60.59,Portugal
883,Marlo,Wilfinger,mwilfingeroi@phoca.cz,Male,161.242.237.167,Ukraine
884,Benedikt,Janning,bjanningoj@ow.ly,Male,41.247.116.194,Ukraine
885,Geordie,Sans,gsansok@newsvine.com,Male,18.4.3.221,Brazil
886,Cinnamon,Moland,cmolandol@themeforest.net,Female,63.31.92.231,Peru
887,Yorke,Letterese,ylettereseom@eventbrite.com,Male,150.231.159.199,Russia
888,Quill,Jaslem,qjaslemon@macromedia.com,Male,240.65.33.232,China
889,Shoshana,Moncreif,smoncreifoo@cisco.com,Female,230.72.11.66,Namibia
890,Adelina,Lahrs,alahrsop@harvard.edu,Female,179.120.61.141,Antigua and Barbuda
891,Ezri,Balcon,ebalconoq@fc2.com,Male,190.12.235.21,Ukraine
892,Kare,Ansell,kansellor@fema.gov,Female,152.146.243.251,Indonesia
893,Casar,Vischi,cvischios@utexas.edu,Male,187.49.124.254,China
894,Don,Tremblay,dtremblayot@ed.gov,Male,248.35.109.131,Thailand
895,Tyne,Bradie,tbradieou@cam.ac.uk,Female,34.94.151.173,Afghanistan
896,Rickard,Canti,rcantiov@fc2.com,Male,164.88.162.153,Indonesia
897,Silvana,Mears,smearsow@chicagotribune.com,Female,242.125.8.121,El Salvador
898,Sandy,Thoresbie,sthoresbieox@php.net,Female,66.207.103.9,China
899,Fitz,Kubanek,fkubanekoy@tamu.edu,Male,221.210.68.150,Ghana
900,Brina,Hamflett,bhamflettoz@cloudflare.com,Female,251.233.80.101,Philippines
901,Creight,Tolomelli,ctolomellip0@163.com,Male,75.32.182.54,Spain
902,Wildon,Pharro,wpharrop1@topsy.com,Male,248.201.253.154,Philippines
903,Fergus,Foulser,ffoulserp2@odnoklassniki.ru,Male,214.4.247.169,Japan
904,Celine,Caulcutt,ccaulcuttp3@hao123.com,Female,185.172.57.32,Brazil
905,Korella,Bendson,kbendsonp4@redcross.org,Female,92.201.48.155,Indonesia
906,Chevalier,Breheny,cbrehenyp5@cyberchimps.com,Male,12.219.213.87,Indonesia
907,Hendrik,Tregido,htregidop6@vistaprint.com,Male,222.201.20.55,Indonesia
908,Whit,Medhurst,wmedhurstp7@umich.edu,Male,179.192.13.90,China
909,Casi,Chittenden,cchittendenp8@mysql.com,Female,206.35.52.18,Portugal
910,Baillie,Baugh,bbaughp9@kickstarter.com,Male,26.48.4.212,Russia
911,Nannette,Agget,naggetpa@bing.com,Female,193.100.179.188,Ukraine
912,Nicki,Hildred,nhildredpb@sourceforge.net,Female,31.157.44.235,South Africa
913,Keir,Oggers,koggerspc@live.com,Male,66.26.38.49,Philippines
914,Theresa,Trevarthen,ttrevarthenpd@123-reg.co.uk,Female,180.211.144.19,Malaysia
915,Anitra,Shah,ashahpe@so-net.ne.jp,Female,208.84.118.199,China
916,Laverna,Troutbeck,ltroutbeckpf@domainmarket.com,Female,229.116.254.165,Iran
917,Terrie,Simkiss,tsimkisspg@hatena.ne.jp,Female,45.111.236.160,Bolivia
918,Melva,Stammler,mstammlerph@elpais.com,Female,20.230.203.61,China
919,Nevile,Shavel,nshavelpi@theatlantic.com,Male,128.99.66.172,Indonesia
920,Ronnica,Ciottoi,rciottoipj@yelp.com,Female,26.114.106.200,United States
921,Irwinn,Skyme,iskymepk@hhs.gov,Male,195.156.126.165,China
922,Osborn,O'Keaveny,ookeavenypl@mediafire.com,Male,243.172.58.210,Belarus
923,Filip,Rippingall,frippingallpm@plala.or.jp,Male,77.127.87.206,China
924,Tadeas,Mastrantone,tmastrantonepn@guardian.co.uk,Male,182.200.46.158,China
925,Whitaker,Haynesford,whaynesfordpo@vimeo.com,Male,214.248.234.61,Afghanistan
926,Sephira,Spino,sspinopp@earthlink.net,Female,74.234.164.252,China
927,Joyce,Joron,jjoronpq@bravesites.com,Female,155.39.111.138,Vietnam
928,Pansie,Caldron,pcaldronpr@youku.com,Female,117.134.253.217,Russia
929,Kelbee,Sherebrook,ksherebrookps@kickstarter.com,Male,30.18.85.220,Indonesia
930,Syman,Earengey,searengeypt@earthlink.net,Male,74.246.181.205,United States
931,Tymothy,Feldbrin,tfeldbrinpu@prweb.com,Male,58.189.22.88,China
932,Kalindi,Gumary,kgumarypv@spiegel.de,Female,211.170.214.29,Japan
933,Archambault,Crickmoor,acrickmoorpw@pen.io,Male,120.236.197.198,Serbia
934,Ulrikaumeko,Britt,ubrittpx@ovh.net,Female,217.231.85.53,Indonesia
935,Elsie,Livingston,elivingstonpy@ca.gov,Female,4.61.203.117,Indonesia
936,Bess,Castenda,bcastendapz@statcounter.com,Female,204.233.26.115,Georgia
937,Gaye,Laban,glabanq0@shop-pro.jp,Female,28.60.242.78,Egypt
938,Joletta,Bolwell,jbolwellq1@google.cn,Female,177.158.212.69,China
939,Trula,Boken,tbokenq2@fastcompany.com,Female,43.224.180.233,Poland
940,Johna,Starr,jstarrq3@1und1.de,Female,148.24.239.26,Argentina
941,Matthew,Mallia,mmalliaq4@stumbleupon.com,Male,250.139.37.231,Ukraine
942,Christel,Croster,ccrosterq5@yelp.com,Female,111.116.251.60,Poland
943,Lorette,Earsman,learsmanq6@theatlantic.com,Female,112.48.161.106,Russia
944,Kelly,Normanville,knormanvilleq7@columbia.edu,Female,58.76.67.32,Comoros
945,Mack,Machin,mmachinq8@businessinsider.com,Male,128.186.255.252,Russia
946,Deane,Mitton,dmittonq9@dell.com,Female,187.173.185.175,Ecuador
947,Cindy,Tiplady,ctipladyqa@prweb.com,Female,150.117.210.200,Peru
948,Georgina,Capstaff,gcapstaffqb@go.com,Female,106.95.86.61,United States
949,Creighton,Dunbar,cdunbarqc@timesonline.co.uk,Male,152.247.155.135,China
950,Freedman,Geraud,fgeraudqd@yale.edu,Male,185.165.126.22,Poland
951,Manda,Vigietti,mvigiettiqe@accuweather.com,Female,129.14.52.240,France
952,Thedric,Lippiatt,tlippiattqf@goo.gl,Male,86.7.63.158,Philippines
953,Colline,Weeden,cweedenqg@state.gov,Female,70.167.226.79,Poland
954,Wildon,Bollini,wbolliniqh@ezinearticles.com,Male,131.216.4.26,Morocco
955,Rubina,Rallinshaw,rrallinshawqi@opensource.org,Female,221.69.173.150,Dominican Republic
956,Lorenzo,Drance,ldranceqj@china.com.cn,Male,167.114.208.90,Macedonia
957,Stephannie,Drewry,sdrewryqk@spiegel.de,Female,161.56.146.48,Indonesia
958,Idette,Brundrett,ibrundrettql@infoseek.co.jp,Female,56.52.124.26,Poland
959,Allister,Marrows,amarrowsqm@qq.com,Male,108.40.208.83,Croatia
960,Demetrius,Enderlein,denderleinqn@cnbc.com,Male,76.172.164.144,Afghanistan
961,Philip,Flahy,pflahyqo@live.com,Male,238.67.58.39,Lithuania
962,Kerry,Treadwell,ktreadwellqp@amazon.de,Male,35.140.214.83,Indonesia
963,Lynne,Nevin,lnevinqq@deviantart.com,Female,67.166.66.190,Russia
964,Nerti,Jillis,njillisqr@pinterest.com,Female,209.213.37.157,Russia
965,Gregoire,McKyrrelly,gmckyrrellyqs@posterous.com,Male,76.23.88.193,Brazil
966,Scarlett,Frizell,sfrizellqt@rambler.ru,Female,162.117.155.199,Brazil
967,Joelie,Hrycek,jhrycekqu@narod.ru,Female,93.127.133.115,Poland
968,Tiffany,Reith,treithqv@elegantthemes.com,Female,92.93.209.138,United States
969,Carmelina,Leaney,cleaneyqw@independent.co.uk,Female,202.7.189.114,France
970,Stewart,Eckersall,seckersallqx@chronoengine.com,Male,53.158.199.131,China
971,Nadean,Cradoc,ncradocqy@webs.com,Female,209.80.239.109,Portugal
972,Pansy,Haborn,phabornqz@4shared.com,Female,126.150.16.254,East Timor
973,Ofelia,Cicchinelli,ocicchinellir0@pen.io,Female,169.61.141.178,China
974,Calley,Eggins,cegginsr1@cargocollective.com,Female,38.232.237.59,Belarus
975,Aliza,McSparran,amcsparranr2@house.gov,Female,87.127.189.115,China
976,Wrennie,Di Dello,wdidellor3@accuweather.com,Female,223.118.99.91,United States
977,Ruperta,Abelovitz,rabelovitzr4@geocities.com,Female,202.239.12.231,China
978,Eldridge,Halsey,ehalseyr5@scientificamerican.com,Male,216.171.100.0,China
979,Robbie,Lorraway,rlorrawayr6@ameblo.jp,Female,16.221.251.1,Bolivia
980,Maurie,Flory,mfloryr7@nbcnews.com,Male,79.213.172.71,China
981,Nelson,Cullotey,nculloteyr8@issuu.com,Male,13.211.234.56,China
982,Samantha,Najafian,snajafianr9@xing.com,Female,36.158.20.23,China
983,Derry,Slator,dslatorra@chron.com,Male,216.152.187.232,Sweden
984,Buddie,Binstead,bbinsteadrb@ucoz.ru,Male,38.71.106.103,Russia
985,Heather,Monaghan,hmonaghanrc@live.com,Female,154.130.87.183,Argentina
986,Harold,Norree,hnorreerd@t.co,Male,112.5.12.47,China
987,Winnah,Stainbridge,wstainbridgere@ebay.co.uk,Female,58.5.115.125,China
988,Jo,Roelofsen,jroelofsenrf@de.vu,Male,236.213.39.130,Peru
989,Felix,Batstone,fbatstonerg@livejournal.com,Male,135.68.241.224,Philippines
990,Stefania,Camock,scamockrh@time.com,Female,181.31.249.9,United States
991,Emmery,Skeermer,eskeermerri@nps.gov,Male,214.212.5.58,Ethiopia
992,Maxine,Gatward,mgatwardrj@netlog.com,Female,209.28.146.162,India
993,Monty,Larrosa,mlarrosark@smh.com.au,Male,14.197.248.18,Russia
994,Victoir,Stedall,vstedallrl@wiley.com,Male,224.120.34.47,Philippines
995,Witty,Besse,wbesserm@friendfeed.com,Male,168.247.143.79,New Zealand
996,Joanie,Cowope,jcowopern@cafepress.com,Female,21.8.138.180,Colombia
997,Terencio,Shelbourne,tshelbournero@naver.com,Male,56.42.238.184,Indonesia
998,Meggy,Jowitt,mjowittrp@wikia.com,Female,193.72.20.37,Russia
999,Haydon,Gregorowicz,hgregorowiczrq@cnbc.com,Male,27.22.161.188,Estonia
1000,Fonsie,Dagleas,fdagleasrr@homestead.com,Male,171.209.105.182,Thailand
